{"cameraMode":{"drawMode":0,"name":"Shaded","section":"Shading Mode"},"sceneLighting":true,"audioPlay":false,"sceneViewState":{"m_AlwaysRefresh":false,"showFog":true,"showSkybox":true,"showFlares":true,"showImageEffects":true,"showParticleSystems":true,"showVisualEffectGraphs":true,"m_FxEnabled":true},"in2DMode":false,"pivot":{"x":-23.877233505249025,"y":21.886138916015626,"z":51.50156784057617},"rotation":{"x":0.21111048758029939,"y":-0.7859612703323364,"z":0.37132593989372256,"w":0.447101354598999},"size":45.790462493896487,"orthographic":true}